onset	duration	trial_type	value	sample
4.5312489608714355	1.0	NonTarget	1	1160
4.781248903540204	1.0	NonTarget	1	1224
5.031248846208973	1.0	NonTarget	1	1288
5.2812487888777415	1.0	NonTarget	1	1352
5.53124873154651	1.0	NonTarget	1	1416
5.78124867421528	1.0	NonTarget	1	1480
6.0312486168840485	1.0	NonTarget	1	1544
6.281248559552817	1.0	NonTarget	1	1608
6.531248502221586	1.0	Target	2	1672
6.7812484448903545	1.0	NonTarget	1	1736
7.031248387559123	1.0	NonTarget	1	1800
7.281248330227893	1.0	NonTarget	1	1864
7.531248272896661	1.0	NonTarget	1	1928
7.78124821556543	1.0	NonTarget	1	1992
8.031248158234199	1.0	NonTarget	1	2056
8.281248100902967	1.0	NonTarget	1	2120
8.531248043571736	1.0	Target	2	2184
8.781247986240505	1.0	NonTarget	1	2248
9.031247928909274	1.0	NonTarget	1	2312
9.281247871578044	1.0	NonTarget	1	2376
9.531247814246813	1.0	NonTarget	1	2440
9.781247756915581	1.0	NonTarget	1	2504
10.03124769958435	1.0	NonTarget	1	2568
10.281247642253119	1.0	NonTarget	1	2632
10.531247584921887	1.0	NonTarget	1	2696
10.781247527590656	1.0	NonTarget	1	2760
11.031247470259425	1.0	Target	2	2824
11.281247412928193	1.0	NonTarget	1	2888
11.531247355596962	1.0	NonTarget	1	2952
11.78124729826573	1.0	NonTarget	1	3016
12.031247240934501	1.0	NonTarget	1	3080
12.28124718360327	1.0	NonTarget	1	3144
12.531247126272039	1.0	NonTarget	1	3208
12.781247068940807	1.0	NonTarget	1	3272
13.031247011609576	1.0	Target	2	3336
13.281246954278345	1.0	NonTarget	1	3400
13.531246896947113	1.0	NonTarget	1	3464
13.781246839615882	1.0	NonTarget	1	3528
14.03124678228465	1.0	NonTarget	1	3592
14.28124672495342	1.0	NonTarget	1	3656
14.531246667622188	1.0	NonTarget	1	3720
14.781246610290959	1.0	NonTarget	1	3784
15.031246552959727	1.0	NonTarget	1	3848
15.281246495628496	1.0	NonTarget	1	3912
15.531246438297265	1.0	NonTarget	1	3976
15.781246380966033	1.0	Target	2	4040
16.0312463236348	1.0	NonTarget	1	4104
16.281246266303572	1.0	NonTarget	1	4168
16.53124620897234	1.0	NonTarget	1	4232
16.78124615164111	1.0	NonTarget	1	4296
17.03124609430988	1.0	NonTarget	1	4360
17.281246036978647	1.0	NonTarget	1	4424
17.531245979647416	1.0	Target	2	4488
17.781245922316185	1.0	NonTarget	1	4552
18.031245864984953	1.0	NonTarget	1	4616
18.281245807653722	1.0	NonTarget	1	4680
18.53124575032249	1.0	NonTarget	1	4744
18.78124569299126	1.0	NonTarget	1	4808
19.031245635660028	1.0	NonTarget	1	4872
19.281245578328797	1.0	NonTarget	1	4936
19.531245520997565	1.0	NonTarget	1	5000
19.781245463666334	1.0	NonTarget	1	5064
20.031245406335103	1.0	NonTarget	1	5128
20.28124534900387	1.0	Target	2	5192
20.53124529167264	1.0	NonTarget	1	5256
20.78124523434141	1.0	NonTarget	1	5320
21.031245177010177	1.0	NonTarget	1	5384
21.281245119678946	1.0	NonTarget	1	5448
21.531245062347715	1.0	Target	2	5512
21.781245005016483	1.0	NonTarget	1	5576
22.031244947685256	1.0	NonTarget	1	5640
22.281244890354024	1.0	NonTarget	1	5704
22.531244833022793	1.0	NonTarget	1	5768
22.78124477569156	1.0	NonTarget	1	5832
23.03124471836033	1.0	NonTarget	1	5896
23.2812446610291	1.0	NonTarget	1	5960
23.531244603697868	1.0	NonTarget	1	6024
23.781244546366636	1.0	NonTarget	1	6088
24.031244489035405	1.0	NonTarget	1	6152
24.281244431704174	1.0	NonTarget	1	6216
24.531244374372942	1.0	Target	2	6280
24.78124431704171	1.0	NonTarget	1	6344
25.03124425971048	1.0	NonTarget	1	6408
25.28124420237925	1.0	NonTarget	1	6472
25.531244145048017	1.0	NonTarget	1	6536
25.781244087716786	1.0	NonTarget	1	6600
26.031244030385555	1.0	Target	2	6664
26.281243973054323	1.0	NonTarget	1	6728
26.531243915723092	1.0	NonTarget	1	6792
26.78124385839186	1.0	NonTarget	1	6856
27.03124380106063	1.0	NonTarget	1	6920
27.281243743729398	1.0	NonTarget	1	6984
27.53124368639817	1.0	NonTarget	1	7048
27.78124362906694	1.0	NonTarget	1	7112
28.031243571735708	1.0	NonTarget	1	7176
28.281243514404476	1.0	NonTarget	1	7240
28.531243457073245	1.0	Target	2	7304
28.781243399742014	1.0	NonTarget	1	7368
29.031243342410782	1.0	NonTarget	1	7432
29.28124328507955	1.0	NonTarget	1	7496
29.53124322774832	1.0	NonTarget	1	7560
29.78124317041709	1.0	NonTarget	1	7624
30.031243113085857	1.0	NonTarget	1	7688
30.281243055754626	1.0	NonTarget	1	7752
30.531242998423394	1.0	NonTarget	1	7816
30.781242941092163	1.0	Target	2	7880
31.03124288376093	1.0	NonTarget	1	7944
31.2812428264297	1.0	NonTarget	1	8008
31.53124276909847	1.0	NonTarget	1	8072
31.781242711767238	1.0	NonTarget	1	8136
32.03124265443601	1.0	NonTarget	1	8200
32.28124259710478	1.0	NonTarget	1	8264
32.531242539773544	1.0	NonTarget	1	8328
32.781242482442316	1.0	NonTarget	1	8392
33.03124242511108	1.0	NonTarget	1	8456
33.28124236777985	1.0	NonTarget	1	8520
33.53124231044862	1.0	Target	2	8584
33.78124225311739	1.0	NonTarget	1	8648
34.031242195786156	1.0	NonTarget	1	8712
34.28124213845493	1.0	NonTarget	1	8776
34.53124208112369	1.0	NonTarget	1	8840
34.781242023792466	1.0	NonTarget	1	8904
35.03124196646123	1.0	NonTarget	1	8968
35.28124190913	1.0	NonTarget	1	9032
35.53124185179877	1.0	Target	2	9096
35.78124179446754	1.0	NonTarget	1	9160
39.531240934499074	1.0	NonTarget	1	10120
39.78124087716784	1.0	NonTarget	1	10184
40.03124081983661	1.0	NonTarget	1	10248
40.28124076250538	1.0	Target	2	10312
40.53124070517415	1.0	NonTarget	1	10376
40.781240647842914	1.0	NonTarget	1	10440
41.031240590511686	1.0	NonTarget	1	10504
41.28124053318045	1.0	NonTarget	1	10568
41.53124047584922	1.0	NonTarget	1	10632
41.781240418517996	1.0	NonTarget	1	10696
42.03124036118676	1.0	Target	2	10760
42.28124030385553	1.0	NonTarget	1	10824
42.5312402465243	1.0	NonTarget	1	10888
42.78124018919307	1.0	NonTarget	1	10952
43.031240131861836	1.0	NonTarget	1	11016
43.28124007453061	1.0	NonTarget	1	11080
43.53124001719937	1.0	NonTarget	1	11144
43.781239959868145	1.0	NonTarget	1	11208
44.03123990253691	1.0	Target	2	11272
44.28123984520568	1.0	NonTarget	1	11336
44.53123978787445	1.0	NonTarget	1	11400
44.78123973054322	1.0	NonTarget	1	11464
45.031239673211985	1.0	NonTarget	1	11528
45.28123961588076	1.0	NonTarget	1	11592
45.53123955854952	1.0	NonTarget	1	11656
45.781239501218295	1.0	NonTarget	1	11720
46.03123944388706	1.0	NonTarget	1	11784
46.28123938655583	1.0	NonTarget	1	11848
46.5312393292246	1.0	NonTarget	1	11912
46.78123927189337	1.0	NonTarget	1	11976
47.031239214562135	1.0	NonTarget	1	12040
47.28123915723091	1.0	Target	2	12104
47.53123909989968	1.0	NonTarget	1	12168
47.781239042568444	1.0	NonTarget	1	12232
48.031238985237216	1.0	NonTarget	1	12296
48.28123892790598	1.0	NonTarget	1	12360
48.531238870574754	1.0	NonTarget	1	12424
48.78123881324352	1.0	NonTarget	1	12488
49.03123875591229	1.0	Target	2	12552
49.281238698581056	1.0	NonTarget	1	12616
49.53123864124983	1.0	NonTarget	1	12680
49.781238583918594	1.0	NonTarget	1	12744
50.031238526587366	1.0	NonTarget	1	12808
50.28123846925613	1.0	NonTarget	1	12872
50.5312384119249	1.0	NonTarget	1	12936
50.78123835459367	1.0	NonTarget	1	13000
51.03123829726244	1.0	NonTarget	1	13064
51.281238239931206	1.0	NonTarget	1	13128
51.53123818259998	1.0	NonTarget	1	13192
51.78123812526874	1.0	Target	2	13256
52.031238067937515	1.0	NonTarget	1	13320
52.28123801060628	1.0	NonTarget	1	13384
52.53123795327505	1.0	NonTarget	1	13448
52.781237895943825	1.0	NonTarget	1	13512
53.03123783861259	1.0	NonTarget	1	13576
53.28123778128136	1.0	NonTarget	1	13640
53.53123772395013	1.0	Target	2	13704
53.7812376666189	1.0	NonTarget	1	13768
54.031237609287665	1.0	NonTarget	1	13832
54.28123755195644	1.0	NonTarget	1	13896
54.5312374946252	1.0	NonTarget	1	13960
54.781237437293974	1.0	NonTarget	1	14024
55.03123737996274	1.0	NonTarget	1	14088
55.28123732263151	1.0	NonTarget	1	14152
55.53123726530028	1.0	NonTarget	1	14216
55.78123720796905	1.0	NonTarget	1	14280
56.031237150637814	1.0	Target	2	14344
56.281237093306586	1.0	NonTarget	1	14408
56.53123703597535	1.0	NonTarget	1	14472
56.781236978644124	1.0	NonTarget	1	14536
57.03123692131289	1.0	NonTarget	1	14600
57.28123686398166	1.0	NonTarget	1	14664
57.531236806650426	1.0	NonTarget	1	14728
57.7812367493192	1.0	Target	2	14792
58.031236691987964	1.0	NonTarget	1	14856
58.281236634656736	1.0	NonTarget	1	14920
58.53123657732551	1.0	NonTarget	1	14984
58.78123651999427	1.0	NonTarget	1	15048
59.031236462663045	1.0	NonTarget	1	15112
59.28123640533181	1.0	NonTarget	1	15176
59.53123634800058	1.0	NonTarget	1	15240
59.78123629066935	1.0	NonTarget	1	15304
60.03123623333812	1.0	NonTarget	1	15368
60.281236176006885	1.0	Target	2	15432
60.53123611867566	1.0	NonTarget	1	15496
60.78123606134442	1.0	NonTarget	1	15560
61.031236004013195	1.0	NonTarget	1	15624
61.28123594668196	1.0	NonTarget	1	15688
61.53123588935073	1.0	NonTarget	1	15752
61.7812358320195	1.0	NonTarget	1	15816
62.03123577468827	1.0	NonTarget	1	15880
62.281235717357035	1.0	NonTarget	1	15944
62.53123566002581	1.0	Target	2	16008
62.78123560269457	1.0	NonTarget	1	16072
63.031235545363344	1.0	NonTarget	1	16136
63.28123548803211	1.0	NonTarget	1	16200
63.53123543070088	1.0	NonTarget	1	16264
63.78123537336965	1.0	NonTarget	1	16328
64.03123531603842	1.0	NonTarget	1	16392
64.28123525870718	1.0	NonTarget	1	16456
64.53123520137596	1.0	Target	2	16520
64.78123514404473	1.0	NonTarget	1	16584
65.0312350867135	1.0	NonTarget	1	16648
65.28123502938226	1.0	NonTarget	1	16712
65.53123497205104	1.0	NonTarget	1	16776
65.7812349147198	1.0	NonTarget	1	16840
66.03123485738857	1.0	NonTarget	1	16904
66.28123480005733	1.0	NonTarget	1	16968
66.53123474272611	1.0	NonTarget	1	17032
66.78123468539488	1.0	NonTarget	1	17096
67.03123462806364	1.0	NonTarget	1	17160
67.28123457073241	1.0	Target	2	17224
67.53123451340119	1.0	NonTarget	1	17288
67.78123445606995	1.0	NonTarget	1	17352
68.03123439873872	1.0	NonTarget	1	17416
68.28123434140748	1.0	NonTarget	1	17480
68.53123428407626	1.0	NonTarget	1	17544
68.78123422674503	1.0	NonTarget	1	17608
69.03123416941379	1.0	NonTarget	1	17672
69.28123411208256	1.0	NonTarget	1	17736
69.53123405475134	1.0	NonTarget	1	17800
69.7812339974201	1.0	Target	2	17864
70.03123394008887	1.0	NonTarget	1	17928
70.28123388275765	1.0	NonTarget	1	17992
70.53123382542641	1.0	NonTarget	1	18056
70.78123376809518	1.0	NonTarget	1	18120
74.53123290812671	1.0	NonTarget	1	19080
74.78123285079548	1.0	NonTarget	1	19144
75.03123279346424	1.0	Target	2	19208
75.28123273613302	1.0	NonTarget	1	19272
75.53123267880179	1.0	NonTarget	1	19336
75.78123262147055	1.0	NonTarget	1	19400
76.03123256413933	1.0	NonTarget	1	19464
76.2812325068081	1.0	NonTarget	1	19528
76.53123244947686	1.0	NonTarget	1	19592
76.78123239214563	1.0	NonTarget	1	19656
77.0312323348144	1.0	NonTarget	1	19720
77.28123227748317	1.0	NonTarget	1	19784
77.53123222015194	1.0	Target	2	19848
77.7812321628207	1.0	NonTarget	1	19912
78.03123210548948	1.0	NonTarget	1	19976
78.28123204815824	1.0	NonTarget	1	20040
78.53123199082701	1.0	NonTarget	1	20104
78.78123193349577	1.0	NonTarget	1	20168
79.03123187616455	1.0	NonTarget	1	20232
79.28123181883332	1.0	NonTarget	1	20296
79.53123176150208	1.0	NonTarget	1	20360
79.78123170417085	1.0	NonTarget	1	20424
80.03123164683963	1.0	Target	2	20488
80.2812315895084	1.0	NonTarget	1	20552
80.53123153217716	1.0	NonTarget	1	20616
80.78123147484592	1.0	NonTarget	1	20680
81.0312314175147	1.0	NonTarget	1	20744
81.28123136018347	1.0	NonTarget	1	20808
81.53123130285223	1.0	NonTarget	1	20872
81.78123124552101	1.0	NonTarget	1	20936
82.03123118818978	1.0	Target	2	21000
82.28123113085854	1.0	NonTarget	1	21064
82.53123107352731	1.0	NonTarget	1	21128
82.78123101619609	1.0	NonTarget	1	21192
83.03123095886485	1.0	NonTarget	1	21256
83.28123090153362	1.0	NonTarget	1	21320
83.53123084420238	1.0	NonTarget	1	21384
83.78123078687116	1.0	Target	2	21448
84.03123072953993	1.0	NonTarget	1	21512
84.2812306722087	1.0	NonTarget	1	21576
84.53123061487746	1.0	NonTarget	1	21640
84.78123055754624	1.0	NonTarget	1	21704
85.031230500215	1.0	NonTarget	1	21768
85.28123044288377	1.0	NonTarget	1	21832
85.53123038555253	1.0	NonTarget	1	21896
85.78123032822131	1.0	NonTarget	1	21960
86.03123027089008	1.0	NonTarget	1	22024
86.28123021355884	1.0	Target	2	22088
86.53123015622762	1.0	NonTarget	1	22152
86.78123009889639	1.0	NonTarget	1	22216
87.03123004156515	1.0	NonTarget	1	22280
87.28122998423392	1.0	NonTarget	1	22344
87.5312299269027	1.0	NonTarget	1	22408
87.78122986957146	1.0	NonTarget	1	22472
88.03122981224023	1.0	NonTarget	1	22536
88.28122975490899	1.0	NonTarget	1	22600
88.53122969757777	1.0	NonTarget	1	22664
88.78122964024654	1.0	Target	2	22728
89.0312295829153	1.0	NonTarget	1	22792
89.28122952558407	1.0	NonTarget	1	22856
89.53122946825285	1.0	NonTarget	1	22920
89.78122941092161	1.0	NonTarget	1	22984
90.03122935359038	1.0	NonTarget	1	23048
90.28122929625914	1.0	NonTarget	1	23112
90.53122923892792	1.0	NonTarget	1	23176
90.78122918159669	1.0	NonTarget	1	23240
91.03122912426545	1.0	NonTarget	1	23304
91.28122906693422	1.0	Target	2	23368
91.531229009603	1.0	NonTarget	1	23432
91.78122895227176	1.0	NonTarget	1	23496
92.03122889494053	1.0	NonTarget	1	23560
92.2812288376093	1.0	NonTarget	1	23624
92.53122878027807	1.0	NonTarget	1	23688
92.78122872294684	1.0	NonTarget	1	23752
93.0312286656156	1.0	Target	2	23816
93.28122860828438	1.0	NonTarget	1	23880
93.53122855095314	1.0	NonTarget	1	23944
93.78122849362191	1.0	NonTarget	1	24008
94.03122843629068	1.0	NonTarget	1	24072
94.28122837895945	1.0	NonTarget	1	24136
94.53122832162822	1.0	NonTarget	1	24200
94.78122826429698	1.0	NonTarget	1	24264
95.03122820696575	1.0	NonTarget	1	24328
95.28122814963453	1.0	NonTarget	1	24392
95.5312280923033	1.0	Target	2	24456
95.78122803497206	1.0	NonTarget	1	24520
96.03122797764082	1.0	NonTarget	1	24584
96.2812279203096	1.0	NonTarget	1	24648
96.53122786297837	1.0	NonTarget	1	24712
96.78122780564713	1.0	NonTarget	1	24776
97.0312277483159	1.0	Target	2	24840
97.28122769098468	1.0	NonTarget	1	24904
97.53122763365344	1.0	NonTarget	1	24968
97.78122757632221	1.0	NonTarget	1	25032
98.03122751899099	1.0	NonTarget	1	25096
98.28122746165975	1.0	NonTarget	1	25160
98.53122740432852	1.0	NonTarget	1	25224
98.78122734699728	1.0	NonTarget	1	25288
99.03122728966606	1.0	NonTarget	1	25352
99.28122723233483	1.0	NonTarget	1	25416
99.5312271750036	1.0	NonTarget	1	25480
99.78122711767236	1.0	NonTarget	1	25544
100.03122706034114	1.0	NonTarget	1	25608
100.2812270030099	1.0	Target	2	25672
100.53122694567867	1.0	NonTarget	1	25736
100.78122688834743	1.0	NonTarget	1	25800
101.03122683101621	1.0	NonTarget	1	25864
101.28122677368498	1.0	NonTarget	1	25928
101.53122671635374	1.0	NonTarget	1	25992
101.78122665902251	1.0	NonTarget	1	26056
102.03122660169129	1.0	Target	2	26120
102.28122654436005	1.0	NonTarget	1	26184
102.53122648702882	1.0	NonTarget	1	26248
102.78122642969758	1.0	NonTarget	1	26312
103.03122637236636	1.0	NonTarget	1	26376
103.28122631503513	1.0	NonTarget	1	26440
103.53122625770389	1.0	NonTarget	1	26504
103.78122620037267	1.0	NonTarget	1	26568
104.03122614304144	1.0	NonTarget	1	26632
104.2812260857102	1.0	NonTarget	1	26696
104.53122602837897	1.0	NonTarget	1	26760
104.78122597104775	1.0	Target	2	26824
105.03122591371651	1.0	NonTarget	1	26888
105.28122585638528	1.0	NonTarget	1	26952
105.53122579905404	1.0	NonTarget	1	27016
105.78122574172282	1.0	NonTarget	1	27080
109.53122488175435	1.0	NonTarget	1	28040
109.78122482442312	1.0	NonTarget	1	28104
110.03122476709189	1.0	NonTarget	1	28168
110.28122470976065	1.0	NonTarget	1	28232
110.53122465242943	1.0	NonTarget	1	28296
110.7812245950982	1.0	NonTarget	1	28360
111.03122453776696	1.0	NonTarget	1	28424
111.28122448043572	1.0	NonTarget	1	28488
111.5312244231045	1.0	Target	2	28552
111.78122436577327	1.0	NonTarget	1	28616
112.03122430844203	1.0	NonTarget	1	28680
112.2812242511108	1.0	NonTarget	1	28744
112.53122419377958	1.0	NonTarget	1	28808
112.78122413644834	1.0	NonTarget	1	28872
113.03122407911711	1.0	NonTarget	1	28936
113.28122402178587	1.0	NonTarget	1	29000
113.53122396445465	1.0	Target	2	29064
113.78122390712342	1.0	NonTarget	1	29128
114.03122384979218	1.0	NonTarget	1	29192
114.28122379246095	1.0	NonTarget	1	29256
114.53122373512973	1.0	NonTarget	1	29320
114.7812236777985	1.0	NonTarget	1	29384
115.03122362046726	1.0	NonTarget	1	29448
115.28122356313604	1.0	NonTarget	1	29512
115.5312235058048	1.0	NonTarget	1	29576
115.78122344847357	1.0	NonTarget	1	29640
116.03122339114233	1.0	NonTarget	1	29704
116.28122333381111	1.0	Target	2	29768
116.53122327647988	1.0	NonTarget	1	29832
116.78122321914864	1.0	NonTarget	1	29896
117.03122316181741	1.0	NonTarget	1	29960
117.28122310448619	1.0	NonTarget	1	30024
117.53122304715495	1.0	NonTarget	1	30088
117.78122298982372	1.0	NonTarget	1	30152
118.03122293249248	1.0	Target	2	30216
118.28122287516126	1.0	NonTarget	1	30280
118.53122281783003	1.0	NonTarget	1	30344
118.78122276049879	1.0	NonTarget	1	30408
119.03122270316756	1.0	NonTarget	1	30472
119.28122264583634	1.0	NonTarget	1	30536
119.5312225885051	1.0	NonTarget	1	30600
119.78122253117387	1.0	NonTarget	1	30664
120.03122247384263	1.0	NonTarget	1	30728
120.28122241651141	1.0	NonTarget	1	30792
120.53122235918018	1.0	Target	2	30856
120.78122230184894	1.0	NonTarget	1	30920
121.03122224451772	1.0	NonTarget	1	30984
121.28122218718649	1.0	NonTarget	1	31048
121.53122212985525	1.0	NonTarget	1	31112
121.78122207252402	1.0	NonTarget	1	31176
122.0312220151928	1.0	NonTarget	1	31240
122.28122195786156	1.0	NonTarget	1	31304
122.53122190053033	1.0	NonTarget	1	31368
122.78122184319909	1.0	Target	2	31432
123.03122178586787	1.0	NonTarget	1	31496
123.28122172853664	1.0	NonTarget	1	31560
123.5312216712054	1.0	NonTarget	1	31624
123.78122161387417	1.0	NonTarget	1	31688
124.03122155654295	1.0	NonTarget	1	31752
124.28122149921171	1.0	NonTarget	1	31816
124.53122144188048	1.0	NonTarget	1	31880
124.78122138454924	1.0	NonTarget	1	31944
125.03122132721802	1.0	NonTarget	1	32008
125.28122126988679	1.0	Target	2	32072
125.53122121255555	1.0	NonTarget	1	32136
125.78122115522432	1.0	NonTarget	1	32200
126.0312210978931	1.0	NonTarget	1	32264
126.28122104056186	1.0	NonTarget	1	32328
126.53122098323063	1.0	NonTarget	1	32392
126.7812209258994	1.0	NonTarget	1	32456
127.03122086856817	1.0	Target	2	32520
127.28122081123693	1.0	NonTarget	1	32584
127.5312207539057	1.0	NonTarget	1	32648
127.78122069657448	1.0	NonTarget	1	32712
128.03122063924323	1.0	NonTarget	1	32776
128.281220581912	1.0	NonTarget	1	32840
128.5312205245808	1.0	NonTarget	1	32904
128.78122046724954	1.0	NonTarget	1	32968
129.03122040991832	1.0	NonTarget	1	33032
129.2812203525871	1.0	NonTarget	1	33096
129.53122029525585	1.0	NonTarget	1	33160
129.78122023792463	1.0	Target	2	33224
130.03122018059338	1.0	NonTarget	1	33288
130.28122012326216	1.0	NonTarget	1	33352
130.53122006593094	1.0	NonTarget	1	33416
130.7812200085997	1.0	NonTarget	1	33480
131.03121995126847	1.0	NonTarget	1	33544
131.28121989393725	1.0	Target	2	33608
131.531219836606	1.0	NonTarget	1	33672
131.78121977927478	1.0	NonTarget	1	33736
132.03121972194356	1.0	NonTarget	1	33800
132.2812196646123	1.0	NonTarget	1	33864
132.5312196072811	1.0	NonTarget	1	33928
132.78121954994984	1.0	NonTarget	1	33992
133.03121949261862	1.0	NonTarget	1	34056
133.2812194352874	1.0	NonTarget	1	34120
133.53121937795615	1.0	NonTarget	1	34184
133.78121932062493	1.0	Target	2	34248
134.0312192632937	1.0	NonTarget	1	34312
134.28121920596246	1.0	NonTarget	1	34376
134.53121914863124	1.0	NonTarget	1	34440
134.7812190913	1.0	NonTarget	1	34504
135.03121903396877	1.0	NonTarget	1	34568
135.28121897663755	1.0	NonTarget	1	34632
135.5312189193063	1.0	NonTarget	1	34696
135.78121886197508	1.0	NonTarget	1	34760
136.03121880464386	1.0	Target	2	34824
136.2812187473126	1.0	NonTarget	1	34888
136.5312186899814	1.0	NonTarget	1	34952
136.78121863265014	1.0	NonTarget	1	35016
137.03121857531892	1.0	NonTarget	1	35080
137.2812185179877	1.0	NonTarget	1	35144
137.53121846065645	1.0	NonTarget	1	35208
137.78121840332523	1.0	NonTarget	1	35272
138.031218345994	1.0	Target	2	35336
138.28121828866276	1.0	NonTarget	1	35400
138.53121823133154	1.0	NonTarget	1	35464
138.78121817400032	1.0	NonTarget	1	35528
139.03121811666907	1.0	NonTarget	1	35592
139.28121805933785	1.0	NonTarget	1	35656
139.5312180020066	1.0	NonTarget	1	35720
139.78121794467538	1.0	NonTarget	1	35784
140.03121788734416	1.0	NonTarget	1	35848
140.2812178300129	1.0	NonTarget	1	35912
140.53121777268169	1.0	NonTarget	1	35976
140.78121771535046	1.0	Target	2	36040
144.53121685538198	1.0	NonTarget	1	37000
144.78121679805076	1.0	NonTarget	1	37064
145.03121674071951	1.0	NonTarget	1	37128
145.2812166833883	1.0	NonTarget	1	37192
145.53121662605707	1.0	NonTarget	1	37256
145.78121656872582	1.0	NonTarget	1	37320
146.0312165113946	1.0	NonTarget	1	37384
146.28121645406335	1.0	NonTarget	1	37448
146.53121639673213	1.0	Target	2	37512
146.7812163394009	1.0	NonTarget	1	37576
147.03121628206966	1.0	NonTarget	1	37640
147.28121622473844	1.0	NonTarget	1	37704
147.53121616740722	1.0	NonTarget	1	37768
147.78121611007597	1.0	NonTarget	1	37832
148.03121605274475	1.0	NonTarget	1	37896
148.2812159954135	1.0	NonTarget	1	37960
148.53121593808228	1.0	Target	2	38024
148.78121588075106	1.0	NonTarget	1	38088
149.0312158234198	1.0	NonTarget	1	38152
149.2812157660886	1.0	NonTarget	1	38216
149.53121570875737	1.0	NonTarget	1	38280
149.78121565142612	1.0	NonTarget	1	38344
150.0312155940949	1.0	NonTarget	1	38408
150.28121553676368	1.0	NonTarget	1	38472
150.53121547943243	1.0	NonTarget	1	38536
150.7812154221012	1.0	NonTarget	1	38600
151.03121536476996	1.0	Target	2	38664
151.28121530743874	1.0	NonTarget	1	38728
151.53121525010752	1.0	NonTarget	1	38792
151.78121519277627	1.0	NonTarget	1	38856
152.03121513544505	1.0	NonTarget	1	38920
152.28121507811383	1.0	NonTarget	1	38984
152.53121502078258	1.0	NonTarget	1	39048
152.78121496345136	1.0	NonTarget	1	39112
153.0312149061201	1.0	NonTarget	1	39176
153.2812148487889	1.0	Target	2	39240
153.53121479145767	1.0	NonTarget	1	39304
153.78121473412642	1.0	NonTarget	1	39368
154.0312146767952	1.0	NonTarget	1	39432
154.28121461946398	1.0	NonTarget	1	39496
154.53121456213273	1.0	NonTarget	1	39560
154.7812145048015	1.0	NonTarget	1	39624
155.0312144474703	1.0	Target	2	39688
155.28121439013904	1.0	NonTarget	1	39752
155.53121433280782	1.0	NonTarget	1	39816
155.78121427547657	1.0	NonTarget	1	39880
156.03121421814535	1.0	NonTarget	1	39944
156.28121416081413	1.0	NonTarget	1	40008
156.53121410348288	1.0	NonTarget	1	40072
156.78121404615166	1.0	NonTarget	1	40136
157.03121398882044	1.0	NonTarget	1	40200
157.2812139314892	1.0	NonTarget	1	40264
157.53121387415797	1.0	Target	2	40328
157.78121381682672	1.0	NonTarget	1	40392
158.0312137594955	1.0	NonTarget	1	40456
158.28121370216428	1.0	NonTarget	1	40520
158.53121364483303	1.0	NonTarget	1	40584
158.7812135875018	1.0	NonTarget	1	40648
159.0312135301706	1.0	NonTarget	1	40712
159.28121347283934	1.0	Target	2	40776
159.53121341550812	1.0	NonTarget	1	40840
159.7812133581769	1.0	NonTarget	1	40904
160.03121330084565	1.0	NonTarget	1	40968
160.28121324351443	1.0	NonTarget	1	41032
160.53121318618318	1.0	NonTarget	1	41096
160.78121312885196	1.0	NonTarget	1	41160
161.03121307152074	1.0	NonTarget	1	41224
161.2812130141895	1.0	NonTarget	1	41288
161.53121295685827	1.0	Target	2	41352
161.78121289952705	1.0	NonTarget	1	41416
162.0312128421958	1.0	NonTarget	1	41480
162.28121278486458	1.0	NonTarget	1	41544
162.53121272753333	1.0	NonTarget	1	41608
162.7812126702021	1.0	NonTarget	1	41672
163.0312126128709	1.0	NonTarget	1	41736
163.28121255553964	1.0	NonTarget	1	41800
163.53121249820842	1.0	NonTarget	1	41864
163.7812124408772	1.0	NonTarget	1	41928
164.03121238354595	1.0	NonTarget	1	41992
164.28121232621473	1.0	NonTarget	1	42056
164.53121226888348	1.0	NonTarget	1	42120
164.78121221155226	1.0	Target	2	42184
165.03121215422104	1.0	NonTarget	1	42248
165.2812120968898	1.0	NonTarget	1	42312
165.53121203955857	1.0	NonTarget	1	42376
165.78121198222735	1.0	NonTarget	1	42440
166.0312119248961	1.0	NonTarget	1	42504
166.28121186756488	1.0	NonTarget	1	42568
166.53121181023366	1.0	NonTarget	1	42632
166.7812117529024	1.0	Target	2	42696
167.0312116955712	1.0	NonTarget	1	42760
167.28121163823994	1.0	NonTarget	1	42824
167.53121158090872	1.0	NonTarget	1	42888
167.7812115235775	1.0	NonTarget	1	42952
168.03121146624625	1.0	NonTarget	1	43016
168.28121140891503	1.0	NonTarget	1	43080
168.5312113515838	1.0	NonTarget	1	43144
168.78121129425256	1.0	NonTarget	1	43208
169.03121123692134	1.0	Target	2	43272
169.2812111795901	1.0	NonTarget	1	43336
169.53121112225887	1.0	NonTarget	1	43400
169.78121106492765	1.0	NonTarget	1	43464
170.0312110075964	1.0	NonTarget	1	43528
170.28121095026518	1.0	NonTarget	1	43592
170.53121089293396	1.0	Target	2	43656
170.7812108356027	1.0	NonTarget	1	43720
171.0312107782715	1.0	NonTarget	1	43784
171.28121072094027	1.0	NonTarget	1	43848
171.53121066360902	1.0	NonTarget	1	43912
171.7812106062778	1.0	NonTarget	1	43976
172.03121054894655	1.0	NonTarget	1	44040
172.28121049161533	1.0	NonTarget	1	44104
172.5312104342841	1.0	NonTarget	1	44168
172.78121037695286	1.0	NonTarget	1	44232
173.03121031962164	1.0	NonTarget	1	44296
173.28121026229041	1.0	Target	2	44360
173.53121020495917	1.0	NonTarget	1	44424
173.78121014762795	1.0	NonTarget	1	44488
174.0312100902967	1.0	NonTarget	1	44552
174.28121003296548	1.0	NonTarget	1	44616
174.53120997563425	1.0	NonTarget	1	44680
174.781209918303	1.0	NonTarget	1	44744
175.03120986097179	1.0	NonTarget	1	44808
175.28120980364056	1.0	Target	2	44872
175.53120974630932	1.0	NonTarget	1	44936
175.7812096889781	1.0	NonTarget	1	45000
179.5312088290096	1.0	NonTarget	1	45960
179.7812087716784	1.0	NonTarget	1	46024
180.03120871434717	1.0	NonTarget	1	46088
180.28120865701592	1.0	NonTarget	1	46152
180.5312085996847	1.0	NonTarget	1	46216
180.78120854235345	1.0	NonTarget	1	46280
181.03120848502223	1.0	NonTarget	1	46344
181.281208427691	1.0	NonTarget	1	46408
181.53120837035976	1.0	Target	2	46472
181.78120831302854	1.0	NonTarget	1	46536
182.03120825569732	1.0	NonTarget	1	46600
182.28120819836607	1.0	NonTarget	1	46664
182.53120814103485	1.0	NonTarget	1	46728
182.78120808370363	1.0	NonTarget	1	46792
183.03120802637238	1.0	Target	2	46856
183.28120796904116	1.0	NonTarget	1	46920
183.5312079117099	1.0	NonTarget	1	46984
183.7812078543787	1.0	NonTarget	1	47048
184.03120779704747	1.0	NonTarget	1	47112
184.28120773971622	1.0	NonTarget	1	47176
184.531207682385	1.0	NonTarget	1	47240
184.78120762505378	1.0	NonTarget	1	47304
185.03120756772253	1.0	NonTarget	1	47368
185.2812075103913	1.0	Target	2	47432
185.53120745306006	1.0	NonTarget	1	47496
185.78120739572884	1.0	NonTarget	1	47560
186.03120733839762	1.0	NonTarget	1	47624
186.28120728106637	1.0	NonTarget	1	47688
186.53120722373515	1.0	NonTarget	1	47752
186.78120716640393	1.0	NonTarget	1	47816
187.03120710907268	1.0	NonTarget	1	47880
187.28120705174146	1.0	NonTarget	1	47944
187.5312069944102	1.0	NonTarget	1	48008
187.781206937079	1.0	Target	2	48072
188.03120687974777	1.0	NonTarget	1	48136
188.28120682241652	1.0	NonTarget	1	48200
188.5312067650853	1.0	NonTarget	1	48264
188.78120670775408	1.0	NonTarget	1	48328
189.03120665042283	1.0	NonTarget	1	48392
189.2812065930916	1.0	NonTarget	1	48456
189.5312065357604	1.0	NonTarget	1	48520
189.78120647842914	1.0	NonTarget	1	48584
190.03120642109792	1.0	Target	2	48648
190.28120636376667	1.0	NonTarget	1	48712
190.53120630643545	1.0	NonTarget	1	48776
190.78120624910423	1.0	NonTarget	1	48840
191.03120619177298	1.0	NonTarget	1	48904
191.28120613444176	1.0	NonTarget	1	48968
191.53120607711054	1.0	NonTarget	1	49032
191.7812060197793	1.0	NonTarget	1	49096
192.03120596244807	1.0	Target	2	49160
192.28120590511682	1.0	NonTarget	1	49224
192.5312058477856	1.0	NonTarget	1	49288
192.78120579045438	1.0	NonTarget	1	49352
193.03120573312313	1.0	NonTarget	1	49416
193.2812056757919	1.0	NonTarget	1	49480
193.5312056184607	1.0	NonTarget	1	49544
193.78120556112944	1.0	NonTarget	1	49608
194.03120550379822	1.0	NonTarget	1	49672
194.281205446467	1.0	NonTarget	1	49736
194.53120538913575	1.0	NonTarget	1	49800
194.78120533180453	1.0	Target	2	49864
195.03120527447328	1.0	NonTarget	1	49928
195.28120521714206	1.0	NonTarget	1	49992
195.53120515981084	1.0	NonTarget	1	50056
195.7812051024796	1.0	NonTarget	1	50120
196.03120504514837	1.0	NonTarget	1	50184
196.28120498781715	1.0	NonTarget	1	50248
196.5312049304859	1.0	Target	2	50312
196.78120487315468	1.0	NonTarget	1	50376
197.03120481582343	1.0	NonTarget	1	50440
197.2812047584922	1.0	NonTarget	1	50504
197.531204701161	1.0	NonTarget	1	50568
197.78120464382974	1.0	NonTarget	1	50632
198.03120458649852	1.0	NonTarget	1	50696
198.2812045291673	1.0	NonTarget	1	50760
198.53120447183605	1.0	NonTarget	1	50824
198.78120441450483	1.0	NonTarget	1	50888
199.0312043571736	1.0	NonTarget	1	50952
199.28120429984236	1.0	NonTarget	1	51016
199.53120424251114	1.0	NonTarget	1	51080
199.7812041851799	1.0	Target	2	51144
200.03120412784867	1.0	NonTarget	1	51208
200.28120407051745	1.0	NonTarget	1	51272
200.5312040131862	1.0	NonTarget	1	51336
200.78120395585498	1.0	NonTarget	1	51400
201.03120389852376	1.0	NonTarget	1	51464
201.2812038411925	1.0	Target	2	51528
201.5312037838613	1.0	NonTarget	1	51592
201.78120372653004	1.0	NonTarget	1	51656
202.03120366919882	1.0	NonTarget	1	51720
202.2812036118676	1.0	NonTarget	1	51784
202.53120355453635	1.0	NonTarget	1	51848
202.78120349720513	1.0	NonTarget	1	51912
203.0312034398739	1.0	NonTarget	1	51976
203.28120338254266	1.0	NonTarget	1	52040
203.53120332521144	1.0	NonTarget	1	52104
203.7812032678802	1.0	NonTarget	1	52168
204.03120321054897	1.0	NonTarget	1	52232
204.28120315321775	1.0	Target	2	52296
204.5312030958865	1.0	NonTarget	1	52360
204.78120303855528	1.0	NonTarget	1	52424
205.03120298122406	1.0	NonTarget	1	52488
205.2812029238928	1.0	NonTarget	1	52552
205.53120286656159	1.0	Target	2	52616
205.78120280923036	1.0	NonTarget	1	52680
206.03120275189912	1.0	NonTarget	1	52744
206.2812026945679	1.0	NonTarget	1	52808
206.53120263723665	1.0	NonTarget	1	52872
206.78120257990543	1.0	NonTarget	1	52936
207.0312025225742	1.0	NonTarget	1	53000
207.28120246524296	1.0	NonTarget	1	53064
207.53120240791174	1.0	NonTarget	1	53128
207.78120235058051	1.0	NonTarget	1	53192
208.03120229324927	1.0	Target	2	53256
208.28120223591804	1.0	NonTarget	1	53320
208.5312021785868	1.0	NonTarget	1	53384
208.78120212125557	1.0	NonTarget	1	53448
209.03120206392435	1.0	NonTarget	1	53512
209.2812020065931	1.0	NonTarget	1	53576
209.53120194926188	1.0	NonTarget	1	53640
209.78120189193066	1.0	NonTarget	1	53704
210.03120183459941	1.0	NonTarget	1	53768
210.2812017772682	1.0	NonTarget	1	53832
210.53120171993697	1.0	Target	2	53896
210.78120166260572	1.0	NonTarget	1	53960
