onset	duration	trial_type	value	sample
4.5312489608714355	n/a	NonTarget	1	1160
4.781248903540204	n/a	NonTarget	1	1224
5.031248846208973	n/a	NonTarget	1	1288
5.2812487888777415	n/a	NonTarget	1	1352
5.53124873154651	n/a	NonTarget	1	1416
5.78124867421528	n/a	Target	2	1480
6.0312486168840485	n/a	NonTarget	1	1544
6.281248559552817	n/a	NonTarget	1	1608
6.531248502221586	n/a	NonTarget	1	1672
6.7812484448903545	n/a	NonTarget	1	1736
7.031248387559123	n/a	NonTarget	1	1800
7.281248330227893	n/a	NonTarget	1	1864
7.531248272896661	n/a	NonTarget	1	1928
7.78124821556543	n/a	NonTarget	1	1992
8.031248158234199	n/a	NonTarget	1	2056
8.281248100902967	n/a	NonTarget	1	2120
8.531248043571736	n/a	NonTarget	1	2184
8.781247986240505	n/a	Target	2	2248
9.031247928909274	n/a	NonTarget	1	2312
9.281247871578044	n/a	NonTarget	1	2376
9.531247814246813	n/a	NonTarget	1	2440
9.781247756915581	n/a	NonTarget	1	2504
10.03124769958435	n/a	NonTarget	1	2568
10.281247642253119	n/a	NonTarget	1	2632
10.531247584921887	n/a	NonTarget	1	2696
10.781247527590656	n/a	Target	2	2760
11.031247470259425	n/a	NonTarget	1	2824
11.281247412928193	n/a	NonTarget	1	2888
11.531247355596962	n/a	NonTarget	1	2952
11.78124729826573	n/a	NonTarget	1	3016
12.031247240934501	n/a	NonTarget	1	3080
12.28124718360327	n/a	NonTarget	1	3144
12.531247126272039	n/a	NonTarget	1	3208
12.781247068940807	n/a	NonTarget	1	3272
13.031247011609576	n/a	NonTarget	1	3336
13.281246954278345	n/a	Target	2	3400
13.531246896947113	n/a	NonTarget	1	3464
13.781246839615882	n/a	NonTarget	1	3528
14.03124678228465	n/a	NonTarget	1	3592
14.28124672495342	n/a	NonTarget	1	3656
14.531246667622188	n/a	NonTarget	1	3720
14.781246610290959	n/a	NonTarget	1	3784
15.031246552959727	n/a	NonTarget	1	3848
15.281246495628496	n/a	Target	2	3912
15.531246438297265	n/a	NonTarget	1	3976
15.781246380966033	n/a	NonTarget	1	4040
16.0312463236348	n/a	NonTarget	1	4104
16.281246266303572	n/a	NonTarget	1	4168
16.53124620897234	n/a	NonTarget	1	4232
16.78124615164111	n/a	NonTarget	1	4296
17.03124609430988	n/a	NonTarget	1	4360
17.281246036978647	n/a	Target	2	4424
17.531245979647416	n/a	NonTarget	1	4488
17.781245922316185	n/a	NonTarget	1	4552
18.031245864984953	n/a	NonTarget	1	4616
18.281245807653722	n/a	NonTarget	1	4680
18.53124575032249	n/a	NonTarget	1	4744
18.78124569299126	n/a	NonTarget	1	4808
19.031245635660028	n/a	NonTarget	1	4872
19.281245578328797	n/a	Target	2	4936
19.531245520997565	n/a	NonTarget	1	5000
19.781245463666334	n/a	NonTarget	1	5064
20.031245406335103	n/a	NonTarget	1	5128
20.28124534900387	n/a	NonTarget	1	5192
20.53124529167264	n/a	NonTarget	1	5256
20.78124523434141	n/a	NonTarget	1	5320
21.031245177010177	n/a	NonTarget	1	5384
21.281245119678946	n/a	NonTarget	1	5448
21.531245062347715	n/a	Target	2	5512
21.781245005016483	n/a	NonTarget	1	5576
22.031244947685256	n/a	NonTarget	1	5640
22.281244890354024	n/a	NonTarget	1	5704
22.531244833022793	n/a	NonTarget	1	5768
22.78124477569156	n/a	NonTarget	1	5832
23.03124471836033	n/a	NonTarget	1	5896
23.2812446610291	n/a	NonTarget	1	5960
23.531244603697868	n/a	NonTarget	1	6024
23.781244546366636	n/a	NonTarget	1	6088
24.031244489035405	n/a	NonTarget	1	6152
24.281244431704174	n/a	Target	2	6216
24.531244374372942	n/a	NonTarget	1	6280
24.78124431704171	n/a	NonTarget	1	6344
25.03124425971048	n/a	NonTarget	1	6408
25.28124420237925	n/a	NonTarget	1	6472
25.531244145048017	n/a	NonTarget	1	6536
25.781244087716786	n/a	NonTarget	1	6600
26.031244030385555	n/a	NonTarget	1	6664
26.281243973054323	n/a	NonTarget	1	6728
26.531243915723092	n/a	Target	2	6792
26.78124385839186	n/a	NonTarget	1	6856
27.03124380106063	n/a	NonTarget	1	6920
27.281243743729398	n/a	NonTarget	1	6984
27.53124368639817	n/a	NonTarget	1	7048
27.78124362906694	n/a	NonTarget	1	7112
28.031243571735708	n/a	NonTarget	1	7176
28.281243514404476	n/a	NonTarget	1	7240
28.531243457073245	n/a	Target	2	7304
28.781243399742014	n/a	NonTarget	1	7368
29.031243342410782	n/a	NonTarget	1	7432
29.28124328507955	n/a	NonTarget	1	7496
29.53124322774832	n/a	NonTarget	1	7560
29.78124317041709	n/a	NonTarget	1	7624
30.031243113085857	n/a	NonTarget	1	7688
30.281243055754626	n/a	NonTarget	1	7752
30.531242998423394	n/a	NonTarget	1	7816
30.781242941092163	n/a	Target	2	7880
31.03124288376093	n/a	NonTarget	1	7944
31.2812428264297	n/a	NonTarget	1	8008
31.53124276909847	n/a	NonTarget	1	8072
31.781242711767238	n/a	NonTarget	1	8136
32.03124265443601	n/a	NonTarget	1	8200
32.28124259710478	n/a	NonTarget	1	8264
32.531242539773544	n/a	NonTarget	1	8328
32.781242482442316	n/a	Target	2	8392
33.03124242511108	n/a	NonTarget	1	8456
33.28124236777985	n/a	NonTarget	1	8520
33.53124231044862	n/a	NonTarget	1	8584
33.78124225311739	n/a	NonTarget	1	8648
34.031242195786156	n/a	NonTarget	1	8712
34.28124213845493	n/a	NonTarget	1	8776
34.53124208112369	n/a	NonTarget	1	8840
34.781242023792466	n/a	NonTarget	1	8904
35.03124196646123	n/a	NonTarget	1	8968
35.28124190913	n/a	Target	2	9032
35.53124185179877	n/a	NonTarget	1	9096
35.78124179446754	n/a	NonTarget	1	9160
39.531240934499074	n/a	Target	2	10120
39.78124087716784	n/a	NonTarget	1	10184
40.03124081983661	n/a	NonTarget	1	10248
40.28124076250538	n/a	NonTarget	1	10312
40.53124070517415	n/a	NonTarget	1	10376
40.781240647842914	n/a	NonTarget	1	10440
41.031240590511686	n/a	NonTarget	1	10504
41.28124053318045	n/a	NonTarget	1	10568
41.53124047584922	n/a	NonTarget	1	10632
41.781240418517996	n/a	NonTarget	1	10696
42.03124036118676	n/a	NonTarget	1	10760
42.28124030385553	n/a	NonTarget	1	10824
42.5312402465243	n/a	NonTarget	1	10888
42.78124018919307	n/a	Target	2	10952
43.031240131861836	n/a	NonTarget	1	11016
43.28124007453061	n/a	NonTarget	1	11080
43.53124001719937	n/a	NonTarget	1	11144
43.781239959868145	n/a	NonTarget	1	11208
44.03123990253691	n/a	NonTarget	1	11272
44.28123984520568	n/a	NonTarget	1	11336
44.53123978787445	n/a	NonTarget	1	11400
44.78123973054322	n/a	Target	2	11464
45.031239673211985	n/a	NonTarget	1	11528
45.28123961588076	n/a	NonTarget	1	11592
45.53123955854952	n/a	NonTarget	1	11656
45.781239501218295	n/a	NonTarget	1	11720
46.03123944388706	n/a	NonTarget	1	11784
46.28123938655583	n/a	NonTarget	1	11848
46.5312393292246	n/a	NonTarget	1	11912
46.78123927189337	n/a	NonTarget	1	11976
47.031239214562135	n/a	Target	2	12040
47.28123915723091	n/a	NonTarget	1	12104
47.53123909989968	n/a	NonTarget	1	12168
47.781239042568444	n/a	NonTarget	1	12232
48.031238985237216	n/a	NonTarget	1	12296
48.28123892790598	n/a	NonTarget	1	12360
48.531238870574754	n/a	NonTarget	1	12424
48.78123881324352	n/a	NonTarget	1	12488
49.03123875591229	n/a	NonTarget	1	12552
49.281238698581056	n/a	NonTarget	1	12616
49.53123864124983	n/a	Target	2	12680
49.781238583918594	n/a	NonTarget	1	12744
50.031238526587366	n/a	NonTarget	1	12808
50.28123846925613	n/a	NonTarget	1	12872
50.5312384119249	n/a	NonTarget	1	12936
50.78123835459367	n/a	NonTarget	1	13000
51.03123829726244	n/a	Target	2	13064
51.281238239931206	n/a	NonTarget	1	13128
51.53123818259998	n/a	NonTarget	1	13192
51.78123812526874	n/a	NonTarget	1	13256
52.031238067937515	n/a	NonTarget	1	13320
52.28123801060628	n/a	NonTarget	1	13384
52.53123795327505	n/a	NonTarget	1	13448
52.781237895943825	n/a	NonTarget	1	13512
53.03123783861259	n/a	NonTarget	1	13576
53.28123778128136	n/a	Target	2	13640
53.53123772395013	n/a	NonTarget	1	13704
53.7812376666189	n/a	NonTarget	1	13768
54.031237609287665	n/a	NonTarget	1	13832
54.28123755195644	n/a	NonTarget	1	13896
54.5312374946252	n/a	NonTarget	1	13960
54.781237437293974	n/a	NonTarget	1	14024
55.03123737996274	n/a	NonTarget	1	14088
55.28123732263151	n/a	NonTarget	1	14152
55.53123726530028	n/a	Target	2	14216
55.78123720796905	n/a	NonTarget	1	14280
56.031237150637814	n/a	NonTarget	1	14344
56.281237093306586	n/a	NonTarget	1	14408
56.53123703597535	n/a	NonTarget	1	14472
56.781236978644124	n/a	NonTarget	1	14536
57.03123692131289	n/a	NonTarget	1	14600
57.28123686398166	n/a	NonTarget	1	14664
57.531236806650426	n/a	Target	2	14728
57.7812367493192	n/a	NonTarget	1	14792
58.031236691987964	n/a	NonTarget	1	14856
58.281236634656736	n/a	NonTarget	1	14920
58.53123657732551	n/a	NonTarget	1	14984
58.78123651999427	n/a	NonTarget	1	15048
59.031236462663045	n/a	NonTarget	1	15112
59.28123640533181	n/a	NonTarget	1	15176
59.53123634800058	n/a	NonTarget	1	15240
59.78123629066935	n/a	NonTarget	1	15304
60.03123623333812	n/a	NonTarget	1	15368
60.281236176006885	n/a	Target	2	15432
60.53123611867566	n/a	NonTarget	1	15496
60.78123606134442	n/a	NonTarget	1	15560
61.031236004013195	n/a	NonTarget	1	15624
61.28123594668196	n/a	NonTarget	1	15688
61.53123588935073	n/a	NonTarget	1	15752
61.7812358320195	n/a	NonTarget	1	15816
62.03123577468827	n/a	NonTarget	1	15880
62.281235717357035	n/a	NonTarget	1	15944
62.53123566002581	n/a	Target	2	16008
62.78123560269457	n/a	NonTarget	1	16072
63.031235545363344	n/a	NonTarget	1	16136
63.28123548803211	n/a	NonTarget	1	16200
63.53123543070088	n/a	NonTarget	1	16264
63.78123537336965	n/a	NonTarget	1	16328
64.03123531603842	n/a	NonTarget	1	16392
64.28123525870718	n/a	NonTarget	1	16456
64.53123520137596	n/a	NonTarget	1	16520
64.78123514404473	n/a	NonTarget	1	16584
65.0312350867135	n/a	NonTarget	1	16648
65.28123502938226	n/a	Target	2	16712
65.53123497205104	n/a	NonTarget	1	16776
65.7812349147198	n/a	NonTarget	1	16840
66.03123485738857	n/a	NonTarget	1	16904
66.28123480005733	n/a	NonTarget	1	16968
66.53123474272611	n/a	NonTarget	1	17032
66.78123468539488	n/a	Target	2	17096
67.03123462806364	n/a	NonTarget	1	17160
67.28123457073241	n/a	NonTarget	1	17224
67.53123451340119	n/a	NonTarget	1	17288
67.78123445606995	n/a	NonTarget	1	17352
68.03123439873872	n/a	NonTarget	1	17416
68.28123434140748	n/a	NonTarget	1	17480
68.53123428407626	n/a	NonTarget	1	17544
68.78123422674503	n/a	NonTarget	1	17608
69.03123416941379	n/a	NonTarget	1	17672
69.28123411208256	n/a	NonTarget	1	17736
69.53123405475134	n/a	NonTarget	1	17800
69.7812339974201	n/a	Target	2	17864
70.03123394008887	n/a	NonTarget	1	17928
70.28123388275765	n/a	NonTarget	1	17992
70.53123382542641	n/a	NonTarget	1	18056
70.78123376809518	n/a	NonTarget	1	18120
74.53123290812671	n/a	NonTarget	1	19080
74.78123285079548	n/a	NonTarget	1	19144
75.03123279346424	n/a	NonTarget	1	19208
75.28123273613302	n/a	NonTarget	1	19272
75.53123267880179	n/a	NonTarget	1	19336
75.78123262147055	n/a	NonTarget	1	19400
76.03123256413933	n/a	NonTarget	1	19464
76.2812325068081	n/a	Target	2	19528
76.53123244947686	n/a	NonTarget	1	19592
76.78123239214563	n/a	NonTarget	1	19656
77.0312323348144	n/a	NonTarget	1	19720
77.28123227748317	n/a	NonTarget	1	19784
77.53123222015194	n/a	NonTarget	1	19848
77.7812321628207	n/a	NonTarget	1	19912
78.03123210548948	n/a	NonTarget	1	19976
78.28123204815824	n/a	NonTarget	1	20040
78.53123199082701	n/a	Target	2	20104
78.78123193349577	n/a	NonTarget	1	20168
79.03123187616455	n/a	NonTarget	1	20232
79.28123181883332	n/a	NonTarget	1	20296
79.53123176150208	n/a	NonTarget	1	20360
79.78123170417085	n/a	NonTarget	1	20424
80.03123164683963	n/a	NonTarget	1	20488
80.2812315895084	n/a	NonTarget	1	20552
80.53123153217716	n/a	Target	2	20616
80.78123147484592	n/a	NonTarget	1	20680
81.0312314175147	n/a	NonTarget	1	20744
81.28123136018347	n/a	NonTarget	1	20808
81.53123130285223	n/a	NonTarget	1	20872
81.78123124552101	n/a	NonTarget	1	20936
82.03123118818978	n/a	NonTarget	1	21000
82.28123113085854	n/a	NonTarget	1	21064
82.53123107352731	n/a	NonTarget	1	21128
82.78123101619609	n/a	NonTarget	1	21192
83.03123095886485	n/a	NonTarget	1	21256
83.28123090153362	n/a	Target	2	21320
83.53123084420238	n/a	NonTarget	1	21384
83.78123078687116	n/a	NonTarget	1	21448
84.03123072953993	n/a	NonTarget	1	21512
84.2812306722087	n/a	NonTarget	1	21576
84.53123061487746	n/a	NonTarget	1	21640
84.78123055754624	n/a	NonTarget	1	21704
85.031230500215	n/a	Target	2	21768
85.28123044288377	n/a	NonTarget	1	21832
85.53123038555253	n/a	NonTarget	1	21896
85.78123032822131	n/a	NonTarget	1	21960
86.03123027089008	n/a	NonTarget	1	22024
86.28123021355884	n/a	NonTarget	1	22088
86.53123015622762	n/a	NonTarget	1	22152
86.78123009889639	n/a	NonTarget	1	22216
87.03123004156515	n/a	NonTarget	1	22280
87.28122998423392	n/a	Target	2	22344
87.5312299269027	n/a	NonTarget	1	22408
87.78122986957146	n/a	NonTarget	1	22472
88.03122981224023	n/a	NonTarget	1	22536
88.28122975490899	n/a	NonTarget	1	22600
88.53122969757777	n/a	NonTarget	1	22664
88.78122964024654	n/a	NonTarget	1	22728
89.0312295829153	n/a	NonTarget	1	22792
89.28122952558407	n/a	Target	2	22856
89.53122946825285	n/a	NonTarget	1	22920
89.78122941092161	n/a	NonTarget	1	22984
90.03122935359038	n/a	NonTarget	1	23048
90.28122929625914	n/a	NonTarget	1	23112
90.53122923892792	n/a	NonTarget	1	23176
90.78122918159669	n/a	NonTarget	1	23240
91.03122912426545	n/a	NonTarget	1	23304
91.28122906693422	n/a	NonTarget	1	23368
91.531229009603	n/a	Target	2	23432
91.78122895227176	n/a	NonTarget	1	23496
92.03122889494053	n/a	NonTarget	1	23560
92.2812288376093	n/a	NonTarget	1	23624
92.53122878027807	n/a	NonTarget	1	23688
92.78122872294684	n/a	NonTarget	1	23752
93.0312286656156	n/a	NonTarget	1	23816
93.28122860828438	n/a	NonTarget	1	23880
93.53122855095314	n/a	NonTarget	1	23944
93.78122849362191	n/a	NonTarget	1	24008
94.03122843629068	n/a	Target	2	24072
94.28122837895945	n/a	NonTarget	1	24136
94.53122832162822	n/a	NonTarget	1	24200
94.78122826429698	n/a	NonTarget	1	24264
95.03122820696575	n/a	NonTarget	1	24328
95.28122814963453	n/a	NonTarget	1	24392
95.5312280923033	n/a	NonTarget	1	24456
95.78122803497206	n/a	NonTarget	1	24520
96.03122797764082	n/a	NonTarget	1	24584
96.2812279203096	n/a	NonTarget	1	24648
96.53122786297837	n/a	NonTarget	1	24712
96.78122780564713	n/a	Target	2	24776
97.0312277483159	n/a	NonTarget	1	24840
97.28122769098468	n/a	NonTarget	1	24904
97.53122763365344	n/a	NonTarget	1	24968
97.78122757632221	n/a	NonTarget	1	25032
98.03122751899099	n/a	NonTarget	1	25096
98.28122746165975	n/a	Target	2	25160
98.53122740432852	n/a	NonTarget	1	25224
98.78122734699728	n/a	NonTarget	1	25288
99.03122728966606	n/a	NonTarget	1	25352
99.28122723233483	n/a	NonTarget	1	25416
99.5312271750036	n/a	NonTarget	1	25480
99.78122711767236	n/a	NonTarget	1	25544
100.03122706034114	n/a	NonTarget	1	25608
100.2812270030099	n/a	NonTarget	1	25672
100.53122694567867	n/a	NonTarget	1	25736
100.78122688834743	n/a	NonTarget	1	25800
101.03122683101621	n/a	NonTarget	1	25864
101.28122677368498	n/a	Target	2	25928
101.53122671635374	n/a	NonTarget	1	25992
101.78122665902251	n/a	NonTarget	1	26056
102.03122660169129	n/a	NonTarget	1	26120
102.28122654436005	n/a	NonTarget	1	26184
102.53122648702882	n/a	NonTarget	1	26248
102.78122642969758	n/a	NonTarget	1	26312
103.03122637236636	n/a	NonTarget	1	26376
103.28122631503513	n/a	Target	2	26440
103.53122625770389	n/a	NonTarget	1	26504
103.78122620037267	n/a	NonTarget	1	26568
104.03122614304144	n/a	NonTarget	1	26632
104.2812260857102	n/a	NonTarget	1	26696
104.53122602837897	n/a	NonTarget	1	26760
104.78122597104775	n/a	NonTarget	1	26824
105.03122591371651	n/a	NonTarget	1	26888
105.28122585638528	n/a	NonTarget	1	26952
105.53122579905404	n/a	Target	2	27016
105.78122574172282	n/a	NonTarget	1	27080
109.53122488175435	n/a	NonTarget	1	28040
109.78122482442312	n/a	NonTarget	1	28104
110.03122476709189	n/a	NonTarget	1	28168
110.28122470976065	n/a	NonTarget	1	28232
110.53122465242943	n/a	NonTarget	1	28296
110.7812245950982	n/a	NonTarget	1	28360
111.03122453776696	n/a	NonTarget	1	28424
111.28122448043572	n/a	Target	2	28488
111.5312244231045	n/a	NonTarget	1	28552
111.78122436577327	n/a	NonTarget	1	28616
112.03122430844203	n/a	NonTarget	1	28680
112.2812242511108	n/a	NonTarget	1	28744
112.53122419377958	n/a	NonTarget	1	28808
112.78122413644834	n/a	NonTarget	1	28872
113.03122407911711	n/a	NonTarget	1	28936
113.28122402178587	n/a	NonTarget	1	29000
113.53122396445465	n/a	NonTarget	1	29064
113.78122390712342	n/a	Target	2	29128
114.03122384979218	n/a	NonTarget	1	29192
114.28122379246095	n/a	NonTarget	1	29256
114.53122373512973	n/a	NonTarget	1	29320
114.7812236777985	n/a	NonTarget	1	29384
115.03122362046726	n/a	NonTarget	1	29448
115.28122356313604	n/a	NonTarget	1	29512
115.5312235058048	n/a	NonTarget	1	29576
115.78122344847357	n/a	NonTarget	1	29640
116.03122339114233	n/a	NonTarget	1	29704
116.28122333381111	n/a	Target	2	29768
116.53122327647988	n/a	NonTarget	1	29832
116.78122321914864	n/a	NonTarget	1	29896
117.03122316181741	n/a	NonTarget	1	29960
117.28122310448619	n/a	NonTarget	1	30024
117.53122304715495	n/a	NonTarget	1	30088
117.78122298982372	n/a	Target	2	30152
118.03122293249248	n/a	NonTarget	1	30216
118.28122287516126	n/a	NonTarget	1	30280
118.53122281783003	n/a	NonTarget	1	30344
118.78122276049879	n/a	NonTarget	1	30408
119.03122270316756	n/a	NonTarget	1	30472
119.28122264583634	n/a	NonTarget	1	30536
119.5312225885051	n/a	NonTarget	1	30600
119.78122253117387	n/a	NonTarget	1	30664
120.03122247384263	n/a	NonTarget	1	30728
120.28122241651141	n/a	Target	2	30792
120.53122235918018	n/a	NonTarget	1	30856
120.78122230184894	n/a	NonTarget	1	30920
121.03122224451772	n/a	NonTarget	1	30984
121.28122218718649	n/a	NonTarget	1	31048
121.53122212985525	n/a	NonTarget	1	31112
121.78122207252402	n/a	NonTarget	1	31176
122.0312220151928	n/a	NonTarget	1	31240
122.28122195786156	n/a	NonTarget	1	31304
122.53122190053033	n/a	NonTarget	1	31368
122.78122184319909	n/a	Target	2	31432
123.03122178586787	n/a	NonTarget	1	31496
123.28122172853664	n/a	NonTarget	1	31560
123.5312216712054	n/a	NonTarget	1	31624
123.78122161387417	n/a	NonTarget	1	31688
124.03122155654295	n/a	NonTarget	1	31752
124.28122149921171	n/a	NonTarget	1	31816
124.53122144188048	n/a	NonTarget	1	31880
124.78122138454924	n/a	NonTarget	1	31944
125.03122132721802	n/a	NonTarget	1	32008
125.28122126988679	n/a	Target	2	32072
125.53122121255555	n/a	NonTarget	1	32136
125.78122115522432	n/a	NonTarget	1	32200
126.0312210978931	n/a	NonTarget	1	32264
126.28122104056186	n/a	NonTarget	1	32328
126.53122098323063	n/a	NonTarget	1	32392
126.7812209258994	n/a	Target	2	32456
127.03122086856817	n/a	NonTarget	1	32520
127.28122081123693	n/a	NonTarget	1	32584
127.5312207539057	n/a	NonTarget	1	32648
127.78122069657448	n/a	NonTarget	1	32712
128.03122063924323	n/a	NonTarget	1	32776
128.281220581912	n/a	NonTarget	1	32840
128.5312205245808	n/a	NonTarget	1	32904
128.78122046724954	n/a	NonTarget	1	32968
129.03122040991832	n/a	NonTarget	1	33032
129.2812203525871	n/a	Target	2	33096
129.53122029525585	n/a	NonTarget	1	33160
129.78122023792463	n/a	NonTarget	1	33224
130.03122018059338	n/a	NonTarget	1	33288
130.28122012326216	n/a	NonTarget	1	33352
130.53122006593094	n/a	NonTarget	1	33416
130.7812200085997	n/a	NonTarget	1	33480
131.03121995126847	n/a	NonTarget	1	33544
131.28121989393725	n/a	NonTarget	1	33608
131.531219836606	n/a	NonTarget	1	33672
131.78121977927478	n/a	Target	2	33736
132.03121972194356	n/a	NonTarget	1	33800
132.2812196646123	n/a	NonTarget	1	33864
132.5312196072811	n/a	NonTarget	1	33928
132.78121954994984	n/a	NonTarget	1	33992
133.03121949261862	n/a	NonTarget	1	34056
133.2812194352874	n/a	NonTarget	1	34120
133.53121937795615	n/a	NonTarget	1	34184
133.78121932062493	n/a	Target	2	34248
134.0312192632937	n/a	NonTarget	1	34312
134.28121920596246	n/a	NonTarget	1	34376
134.53121914863124	n/a	NonTarget	1	34440
134.7812190913	n/a	NonTarget	1	34504
135.03121903396877	n/a	NonTarget	1	34568
135.28121897663755	n/a	NonTarget	1	34632
135.5312189193063	n/a	NonTarget	1	34696
135.78121886197508	n/a	NonTarget	1	34760
136.03121880464386	n/a	NonTarget	1	34824
136.2812187473126	n/a	Target	2	34888
136.5312186899814	n/a	NonTarget	1	34952
136.78121863265014	n/a	NonTarget	1	35016
137.03121857531892	n/a	NonTarget	1	35080
137.2812185179877	n/a	NonTarget	1	35144
137.53121846065645	n/a	NonTarget	1	35208
137.78121840332523	n/a	NonTarget	1	35272
138.031218345994	n/a	NonTarget	1	35336
138.28121828866276	n/a	NonTarget	1	35400
138.53121823133154	n/a	NonTarget	1	35464
138.78121817400032	n/a	Target	2	35528
139.03121811666907	n/a	NonTarget	1	35592
139.28121805933785	n/a	NonTarget	1	35656
139.5312180020066	n/a	NonTarget	1	35720
139.78121794467538	n/a	NonTarget	1	35784
140.03121788734416	n/a	NonTarget	1	35848
140.2812178300129	n/a	NonTarget	1	35912
140.53121777268169	n/a	NonTarget	1	35976
140.78121771535046	n/a	Target	2	36040
144.53121685538198	n/a	NonTarget	1	37000
144.78121679805076	n/a	NonTarget	1	37064
145.03121674071951	n/a	NonTarget	1	37128
145.2812166833883	n/a	NonTarget	1	37192
145.53121662605707	n/a	NonTarget	1	37256
145.78121656872582	n/a	NonTarget	1	37320
146.0312165113946	n/a	NonTarget	1	37384
146.28121645406335	n/a	NonTarget	1	37448
146.53121639673213	n/a	Target	2	37512
146.7812163394009	n/a	NonTarget	1	37576
147.03121628206966	n/a	NonTarget	1	37640
147.28121622473844	n/a	NonTarget	1	37704
147.53121616740722	n/a	NonTarget	1	37768
147.78121611007597	n/a	NonTarget	1	37832
148.03121605274475	n/a	NonTarget	1	37896
148.2812159954135	n/a	Target	2	37960
148.53121593808228	n/a	NonTarget	1	38024
148.78121588075106	n/a	NonTarget	1	38088
149.0312158234198	n/a	NonTarget	1	38152
149.2812157660886	n/a	NonTarget	1	38216
149.53121570875737	n/a	NonTarget	1	38280
149.78121565142612	n/a	NonTarget	1	38344
150.0312155940949	n/a	NonTarget	1	38408
150.28121553676368	n/a	NonTarget	1	38472
150.53121547943243	n/a	NonTarget	1	38536
150.7812154221012	n/a	NonTarget	1	38600
151.03121536476996	n/a	NonTarget	1	38664
151.28121530743874	n/a	Target	2	38728
151.53121525010752	n/a	NonTarget	1	38792
151.78121519277627	n/a	NonTarget	1	38856
152.03121513544505	n/a	NonTarget	1	38920
152.28121507811383	n/a	NonTarget	1	38984
152.53121502078258	n/a	Target	2	39048
152.78121496345136	n/a	NonTarget	1	39112
153.0312149061201	n/a	NonTarget	1	39176
153.2812148487889	n/a	NonTarget	1	39240
153.53121479145767	n/a	NonTarget	1	39304
153.78121473412642	n/a	NonTarget	1	39368
154.0312146767952	n/a	NonTarget	1	39432
154.28121461946398	n/a	NonTarget	1	39496
154.53121456213273	n/a	NonTarget	1	39560
154.7812145048015	n/a	NonTarget	1	39624
155.0312144474703	n/a	NonTarget	1	39688
155.28121439013904	n/a	NonTarget	1	39752
155.53121433280782	n/a	Target	2	39816
155.78121427547657	n/a	NonTarget	1	39880
156.03121421814535	n/a	NonTarget	1	39944
156.28121416081413	n/a	NonTarget	1	40008
156.53121410348288	n/a	NonTarget	1	40072
156.78121404615166	n/a	NonTarget	1	40136
157.03121398882044	n/a	NonTarget	1	40200
157.2812139314892	n/a	NonTarget	1	40264
157.53121387415797	n/a	NonTarget	1	40328
157.78121381682672	n/a	Target	2	40392
158.0312137594955	n/a	NonTarget	1	40456
158.28121370216428	n/a	NonTarget	1	40520
158.53121364483303	n/a	NonTarget	1	40584
158.7812135875018	n/a	NonTarget	1	40648
159.0312135301706	n/a	NonTarget	1	40712
159.28121347283934	n/a	NonTarget	1	40776
159.53121341550812	n/a	Target	2	40840
159.7812133581769	n/a	NonTarget	1	40904
160.03121330084565	n/a	NonTarget	1	40968
160.28121324351443	n/a	NonTarget	1	41032
160.53121318618318	n/a	NonTarget	1	41096
160.78121312885196	n/a	NonTarget	1	41160
161.03121307152074	n/a	NonTarget	1	41224
161.2812130141895	n/a	NonTarget	1	41288
161.53121295685827	n/a	NonTarget	1	41352
161.78121289952705	n/a	NonTarget	1	41416
162.0312128421958	n/a	NonTarget	1	41480
162.28121278486458	n/a	Target	2	41544
162.53121272753333	n/a	NonTarget	1	41608
162.7812126702021	n/a	NonTarget	1	41672
163.0312126128709	n/a	NonTarget	1	41736
163.28121255553964	n/a	NonTarget	1	41800
163.53121249820842	n/a	NonTarget	1	41864
163.7812124408772	n/a	NonTarget	1	41928
164.03121238354595	n/a	Target	2	41992
164.28121232621473	n/a	NonTarget	1	42056
164.53121226888348	n/a	NonTarget	1	42120
164.78121221155226	n/a	NonTarget	1	42184
165.03121215422104	n/a	NonTarget	1	42248
165.2812120968898	n/a	NonTarget	1	42312
165.53121203955857	n/a	NonTarget	1	42376
165.78121198222735	n/a	NonTarget	1	42440
166.0312119248961	n/a	NonTarget	1	42504
166.28121186756488	n/a	Target	2	42568
166.53121181023366	n/a	NonTarget	1	42632
166.7812117529024	n/a	NonTarget	1	42696
167.0312116955712	n/a	NonTarget	1	42760
167.28121163823994	n/a	NonTarget	1	42824
167.53121158090872	n/a	NonTarget	1	42888
167.7812115235775	n/a	NonTarget	1	42952
168.03121146624625	n/a	NonTarget	1	43016
168.28121140891503	n/a	NonTarget	1	43080
168.5312113515838	n/a	NonTarget	1	43144
168.78121129425256	n/a	NonTarget	1	43208
169.03121123692134	n/a	Target	2	43272
169.2812111795901	n/a	NonTarget	1	43336
169.53121112225887	n/a	NonTarget	1	43400
169.78121106492765	n/a	NonTarget	1	43464
170.0312110075964	n/a	NonTarget	1	43528
170.28121095026518	n/a	NonTarget	1	43592
170.53121089293396	n/a	NonTarget	1	43656
170.7812108356027	n/a	NonTarget	1	43720
171.0312107782715	n/a	Target	2	43784
171.28121072094027	n/a	NonTarget	1	43848
171.53121066360902	n/a	NonTarget	1	43912
171.7812106062778	n/a	NonTarget	1	43976
172.03121054894655	n/a	NonTarget	1	44040
172.28121049161533	n/a	NonTarget	1	44104
172.5312104342841	n/a	NonTarget	1	44168
172.78121037695286	n/a	NonTarget	1	44232
173.03121031962164	n/a	Target	2	44296
173.28121026229041	n/a	NonTarget	1	44360
173.53121020495917	n/a	NonTarget	1	44424
173.78121014762795	n/a	NonTarget	1	44488
174.0312100902967	n/a	NonTarget	1	44552
174.28121003296548	n/a	NonTarget	1	44616
174.53120997563425	n/a	NonTarget	1	44680
174.781209918303	n/a	NonTarget	1	44744
175.03120986097179	n/a	NonTarget	1	44808
175.28120980364056	n/a	NonTarget	1	44872
175.53120974630932	n/a	Target	2	44936
175.7812096889781	n/a	NonTarget	1	45000
179.5312088290096	n/a	Target	2	45960
179.7812087716784	n/a	NonTarget	1	46024
180.03120871434717	n/a	NonTarget	1	46088
180.28120865701592	n/a	NonTarget	1	46152
180.5312085996847	n/a	NonTarget	1	46216
180.78120854235345	n/a	NonTarget	1	46280
181.03120848502223	n/a	NonTarget	1	46344
181.281208427691	n/a	NonTarget	1	46408
181.53120837035976	n/a	NonTarget	1	46472
181.78120831302854	n/a	NonTarget	1	46536
182.03120825569732	n/a	NonTarget	1	46600
182.28120819836607	n/a	NonTarget	1	46664
182.53120814103485	n/a	Target	2	46728
182.78120808370363	n/a	NonTarget	1	46792
183.03120802637238	n/a	NonTarget	1	46856
183.28120796904116	n/a	NonTarget	1	46920
183.5312079117099	n/a	NonTarget	1	46984
183.7812078543787	n/a	NonTarget	1	47048
184.03120779704747	n/a	NonTarget	1	47112
184.28120773971622	n/a	NonTarget	1	47176
184.531207682385	n/a	Target	2	47240
184.78120762505378	n/a	NonTarget	1	47304
185.03120756772253	n/a	NonTarget	1	47368
185.2812075103913	n/a	NonTarget	1	47432
185.53120745306006	n/a	NonTarget	1	47496
185.78120739572884	n/a	NonTarget	1	47560
186.03120733839762	n/a	NonTarget	1	47624
186.28120728106637	n/a	NonTarget	1	47688
186.53120722373515	n/a	NonTarget	1	47752
186.78120716640393	n/a	Target	2	47816
187.03120710907268	n/a	NonTarget	1	47880
187.28120705174146	n/a	NonTarget	1	47944
187.5312069944102	n/a	NonTarget	1	48008
187.781206937079	n/a	NonTarget	1	48072
188.03120687974777	n/a	NonTarget	1	48136
188.28120682241652	n/a	NonTarget	1	48200
188.5312067650853	n/a	Target	2	48264
188.78120670775408	n/a	NonTarget	1	48328
189.03120665042283	n/a	NonTarget	1	48392
189.2812065930916	n/a	NonTarget	1	48456
189.5312065357604	n/a	NonTarget	1	48520
189.78120647842914	n/a	NonTarget	1	48584
190.03120642109792	n/a	NonTarget	1	48648
190.28120636376667	n/a	NonTarget	1	48712
190.53120630643545	n/a	NonTarget	1	48776
190.78120624910423	n/a	NonTarget	1	48840
191.03120619177298	n/a	NonTarget	1	48904
191.28120613444176	n/a	NonTarget	1	48968
191.53120607711054	n/a	Target	2	49032
191.7812060197793	n/a	NonTarget	1	49096
192.03120596244807	n/a	NonTarget	1	49160
192.28120590511682	n/a	NonTarget	1	49224
192.5312058477856	n/a	NonTarget	1	49288
192.78120579045438	n/a	NonTarget	1	49352
193.03120573312313	n/a	NonTarget	1	49416
193.2812056757919	n/a	Target	2	49480
193.5312056184607	n/a	NonTarget	1	49544
193.78120556112944	n/a	NonTarget	1	49608
194.03120550379822	n/a	NonTarget	1	49672
194.281205446467	n/a	NonTarget	1	49736
194.53120538913575	n/a	NonTarget	1	49800
194.78120533180453	n/a	NonTarget	1	49864
195.03120527447328	n/a	NonTarget	1	49928
195.28120521714206	n/a	NonTarget	1	49992
195.53120515981084	n/a	NonTarget	1	50056
195.7812051024796	n/a	NonTarget	1	50120
196.03120504514837	n/a	NonTarget	1	50184
196.28120498781715	n/a	Target	2	50248
196.5312049304859	n/a	NonTarget	1	50312
196.78120487315468	n/a	NonTarget	1	50376
197.03120481582343	n/a	NonTarget	1	50440
197.2812047584922	n/a	NonTarget	1	50504
197.531204701161	n/a	Target	2	50568
197.78120464382974	n/a	NonTarget	1	50632
198.03120458649852	n/a	NonTarget	1	50696
198.2812045291673	n/a	NonTarget	1	50760
198.53120447183605	n/a	NonTarget	1	50824
198.78120441450483	n/a	NonTarget	1	50888
199.0312043571736	n/a	NonTarget	1	50952
199.28120429984236	n/a	NonTarget	1	51016
199.53120424251114	n/a	NonTarget	1	51080
199.7812041851799	n/a	NonTarget	1	51144
200.03120412784867	n/a	NonTarget	1	51208
200.28120407051745	n/a	NonTarget	1	51272
200.5312040131862	n/a	NonTarget	1	51336
200.78120395585498	n/a	Target	2	51400
201.03120389852376	n/a	NonTarget	1	51464
201.2812038411925	n/a	NonTarget	1	51528
201.5312037838613	n/a	NonTarget	1	51592
201.78120372653004	n/a	NonTarget	1	51656
202.03120366919882	n/a	Target	2	51720
202.2812036118676	n/a	NonTarget	1	51784
202.53120355453635	n/a	NonTarget	1	51848
202.78120349720513	n/a	NonTarget	1	51912
203.0312034398739	n/a	NonTarget	1	51976
203.28120338254266	n/a	NonTarget	1	52040
203.53120332521144	n/a	NonTarget	1	52104
203.7812032678802	n/a	NonTarget	1	52168
204.03120321054897	n/a	NonTarget	1	52232
204.28120315321775	n/a	NonTarget	1	52296
204.5312030958865	n/a	NonTarget	1	52360
204.78120303855528	n/a	Target	2	52424
205.03120298122406	n/a	NonTarget	1	52488
205.2812029238928	n/a	NonTarget	1	52552
205.53120286656159	n/a	NonTarget	1	52616
205.78120280923036	n/a	NonTarget	1	52680
206.03120275189912	n/a	NonTarget	1	52744
206.2812026945679	n/a	NonTarget	1	52808
206.53120263723665	n/a	NonTarget	1	52872
206.78120257990543	n/a	NonTarget	1	52936
207.0312025225742	n/a	Target	2	53000
207.28120246524296	n/a	NonTarget	1	53064
207.53120240791174	n/a	NonTarget	1	53128
207.78120235058051	n/a	NonTarget	1	53192
208.03120229324927	n/a	NonTarget	1	53256
208.28120223591804	n/a	NonTarget	1	53320
208.5312021785868	n/a	NonTarget	1	53384
208.78120212125557	n/a	NonTarget	1	53448
209.03120206392435	n/a	NonTarget	1	53512
209.2812020065931	n/a	Target	2	53576
209.53120194926188	n/a	NonTarget	1	53640
209.78120189193066	n/a	NonTarget	1	53704
210.03120183459941	n/a	NonTarget	1	53768
210.2812017772682	n/a	NonTarget	1	53832
210.53120171993697	n/a	NonTarget	1	53896
210.78120166260572	n/a	NonTarget	1	53960
